<?xml version="1.0" encoding="UTF-8"?>
<project-private xmlns="http://www.netbeans.org/ns/project-private/1">
    <editor-bookmarks xmlns="http://www.netbeans.org/ns/editor-bookmarks/2" lastBookmarkId="1">
        <file>
            <url>src/se/fys/corendon/bagage/SEFYSCorendonBagage.java</url>
            <bookmark id="1">
                <name/>
                <line>25</line>
                <key/>
            </bookmark>
        </file>
    </editor-bookmarks>
    <open-files xmlns="http://www.netbeans.org/ns/projectui-open-files/2">
        <group>
            <file>file:/C:/Users/jimmy/Documents/NetBeansProjects/SE-FYS-Corendon-bagage/src/se/fys/corendon/bagage/Scherm1.java</file>
            <file>file:/C:/Users/jimmy/Documents/NetBeansProjects/SE-FYS-Corendon-bagage/src/se/fys/corendon/bagage/SEFYSCorendonBagage.java</file>
        </group>
    </open-files>
</project-private>
